system,reference,variable,treatment_mean,reference_mean,p_value,comparison,entry
NA,Alley,active_carbon,519.3774988875,467.41395692500004,0.10252959447997806,entry,A
NA,Alley,active_carbon,538.8568496625,467.41395692500004,0.03825294437998262,entry,B
NA,Alley,active_carbon,484.573363175,467.41395692500004,0.5877261516983062,entry,Corn
Corn,Alley,active_carbon,484.573363175,467.41395692500004,0.5877261516983062,system,NA
EWM,Alley,active_carbon,523.5298531125,467.41395692500004,0.0795265519714477,system,NA
HF,Alley,active_carbon,577.6472277500001,467.41395692500004,0.0209133833934512,system,NA
LF,Alley,active_carbon,509.848704875,467.41395692500004,0.16090631814083767,system,NA
RT,Alley,active_carbon,505.4429113625,467.41395692500004,0.3045471210861287,system,NA
Corn,Alley,active_carbon,484.573363175,467.41395692500004,0.5877261516983062,system_entry,Corn
EWM,Alley,active_carbon,517.037104775,467.41395692500004,0.11115175452061003,system_entry,A
EWM,Alley,active_carbon,530.02260145,467.41395692500004,0.05942680044876451,system_entry,B
HF,Alley,active_carbon,577.4131322750001,467.41395692500004,0.04505970847628512,system_entry,A
HF,Alley,active_carbon,577.881323225,467.41395692500004,0.18147964603125466,system_entry,B
LF,Alley,active_carbon,501.732769475,467.41395692500004,0.3510100024547044,system_entry,A
LF,Alley,active_carbon,517.964640275,467.41395692500004,0.112703873366518,system_entry,B
RT,Alley,active_carbon,481.326989025,467.41395692500004,0.7733603549266028,system_entry,A
RT,Alley,active_carbon,529.5588336999999,467.41395692500004,0.2213548106929618,system_entry,B
NA,Alley,aggregate_stability,14.3419447580625,23.2747736425,3.915315052629049e-4,entry,A
NA,Alley,aggregate_stability,17.45125664375,23.2747736425,0.004986588713047756,entry,B
NA,Alley,aggregate_stability,5.716788834,23.2747736425,5.1304660514366016e-5,entry,Corn
Corn,Alley,aggregate_stability,5.716788834,23.2747736425,5.1304660514366016e-5,system,NA
EWM,Alley,aggregate_stability,13.735373331125,23.2747736425,3.3875672730379445e-4,system,NA
HF,Alley,aggregate_stability,15.22462709375,23.2747736425,0.0010746568890888707,system,NA
LF,Alley,aggregate_stability,15.96692338,23.2747736425,0.005159552878355737,system,NA
RT,Alley,aggregate_stability,18.65947899875,23.2747736425,0.06755670263669998,system,NA
Corn,Alley,aggregate_stability,5.716788834,23.2747736425,5.1304660514366016e-5,system_entry,Corn
EWM,Alley,aggregate_stability,12.15739680225,23.2747736425,0.0024466827493556803,system_entry,A
EWM,Alley,aggregate_stability,15.313349859999999,23.2747736425,0.002572114095329462,system_entry,B
HF,Alley,aggregate_stability,14.4257587575,23.2747736425,0.001592882487767578,system_entry,A
HF,Alley,aggregate_stability,16.02349543,23.2747736425,0.008312093809268567,system_entry,B
LF,Alley,aggregate_stability,14.417346187500002,23.2747736425,0.0412815098145609,system_entry,A
LF,Alley,aggregate_stability,17.5165005725,23.2747736425,0.05987885484966548,system_entry,B
RT,Alley,aggregate_stability,16.367277285,23.2747736425,0.022079476799055003,system_entry,A
RT,Alley,aggregate_stability,20.9516807125,23.2747736425,0.5417081494579019,system_entry,B
NA,Alley,al,1.6807614253125,1.857060698,0.10573486718519855,entry,A
NA,Alley,al,1.809420292125,1.857060698,0.6483290115614335,entry,B
NA,Alley,al,2.5055488095,1.857060698,0.03793896093578576,entry,Corn
Corn,Alley,al,2.5055488095,1.857060698,0.03793896093578576,system,NA
EWM,Alley,al,1.72669973275,1.857060698,0.3962401800948637,system,NA
HF,Alley,al,1.587908022625,1.857060698,0.003150456304342954,system,NA
LF,Alley,al,1.7950550125,1.857060698,0.6722277325166713,system,NA
RT,Alley,al,1.870700667,1.857060698,0.9442690867432619,system,NA
Corn,Alley,al,2.5055488095,1.857060698,0.03793896093578576,system_entry,Corn
EWM,Alley,al,1.5332151455,1.857060698,0.1039827749216417,system_entry,A
EWM,Alley,al,1.9201843200000002,1.857060698,0.7927054972258512,system_entry,B
HF,Alley,al,1.527249286,1.857060698,0.01784769555657867,system_entry,A
HF,Alley,al,1.64856675925,1.857060698,0.09725714098902581,system_entry,B
LF,Alley,al,1.7427978165,1.857060698,0.4184140184454068,system_entry,A
LF,Alley,al,1.8473122085,1.857060698,0.9732690702077035,system_entry,B
RT,Alley,al,1.91978345325,1.857060698,0.8641526851316168,system_entry,A
RT,Alley,al,1.8216178807499999,1.857060698,0.8805029949276957,system_entry,B
NA,Alley,ca,2285.4385976875,2016.104956,0.525318667167483,entry,A
NA,Alley,ca,2367.484147,2016.104956,0.39929654579117824,entry,B
NA,Alley,ca,1932.50222425,2016.104956,0.902978352525664,entry,Corn
Corn,Alley,ca,1932.50222425,2016.104956,0.902978352525664,system,NA
EWM,Alley,ca,1998.521691125,2016.104956,0.9628097758960957,system,NA
HF,Alley,ca,2667.334493,2016.104956,0.3437468476192994,system,NA
LF,Alley,ca,1920.36990525,2016.104956,0.7818224251748065,system,NA
RT,Alley,ca,2719.6194,2016.104956,0.23401573150781393,system,NA
Corn,Alley,ca,1932.50222425,2016.104956,0.902978352525664,system_entry,Corn
EWM,Alley,ca,1951.17078925,2016.104956,0.8953663274585,system_entry,A
EWM,Alley,ca,2045.872593,2016.104956,0.9475590381520844,system_entry,B
HF,Alley,ca,2437.3523972499997,2016.104956,0.665968513499062,system_entry,A
HF,Alley,ca,2897.31658875,2016.104956,0.42118674913807,system_entry,B
LF,Alley,ca,1903.80537775,2016.104956,0.7906129996968506,system_entry,A
LF,Alley,ca,1936.93443275,2016.104956,0.8362227434178555,system_entry,B
RT,Alley,ca,2849.4258265,2016.104956,0.3906873798516442,system_entry,A
RT,Alley,ca,2589.8129735,2016.104956,0.45417617181349795,system_entry,B
NA,Alley,cu,0.0669143775,0.07108308975,0.38815541659837033,entry,A
NA,Alley,cu,0.08205156887500001,0.07108308975,0.15675960305410674,entry,B
NA,Alley,cu,0.05078450325,0.07108308975,0.00574397821572293,entry,Corn
Corn,Alley,cu,0.05078450325,0.07108308975,0.00574397821572293,system,NA
EWM,Alley,cu,0.0782527195,0.07108308975,0.6013641544759317,system,NA
HF,Alley,cu,0.072602936125,0.07108308975,0.8337034248821719,system,NA
LF,Alley,cu,0.072793579625,0.07108308975,0.7886404921432228,system,NA
RT,Alley,cu,0.0742826575,0.07108308975,0.5673046299977265,system,NA
Corn,Alley,cu,0.05078450325,0.07108308975,0.00574397821572293,system_entry,Corn
EWM,Alley,cu,0.06318915825,0.07108308975,0.20121449855066317,system_entry,A
EWM,Alley,cu,0.09331628075000001,0.07108308975,0.42643147116362684,system_entry,B
HF,Alley,cu,0.06631927274999999,0.07108308975,0.48046147362004643,system_entry,A
HF,Alley,cu,0.0788865995,0.07108308975,0.5351776833596796,system_entry,B
LF,Alley,cu,0.07291484200000001,0.07108308975,0.848801985816293,system_entry,A
LF,Alley,cu,0.07267231725,0.07108308975,0.849814899446997,system_entry,B
RT,Alley,cu,0.065234237,0.07108308975,0.28412494295414514,system_entry,A
RT,Alley,cu,0.083331078,0.07108308975,0.03859446046912686,system_entry,B
NA,Alley,fe,0.507185825625,0.41487801125,0.14088458677894974,entry,A
NA,Alley,fe,0.5532679361875,0.41487801125,0.01632969173731691,entry,B
NA,Alley,fe,0.52773358925,0.41487801125,0.04823030451790431,entry,Corn
Corn,Alley,fe,0.52773358925,0.41487801125,0.04823030451790431,system,NA
EWM,Alley,fe,0.504564444875,0.41487801125,0.17063078057850298,system,NA
HF,Alley,fe,0.467531689875,0.41487801125,0.21496291864592892,system,NA
LF,Alley,fe,0.5592519585,0.41487801125,0.15411920780139002,system,NA
RT,Alley,fe,0.589559430375,0.41487801125,0.1151460481477351,system,NA
Corn,Alley,fe,0.52773358925,0.41487801125,0.04823030451790431,system_entry,Corn
EWM,Alley,fe,0.40338232949999997,0.41487801125,0.6984171301603423,system_entry,A
EWM,Alley,fe,0.60574656025,0.41487801125,0.10668872394035003,system_entry,B
HF,Alley,fe,0.45210991325,0.41487801125,0.4173842779165376,system_entry,A
HF,Alley,fe,0.48295346650000004,0.41487801125,0.3311002632422967,system_entry,B
LF,Alley,fe,0.5493632085,0.41487801125,0.24496432724341421,system_entry,A
LF,Alley,fe,0.5691407085,0.41487801125,0.4250292669492694,system_entry,B
RT,Alley,fe,0.62388785125,0.41487801125,0.3749911072669279,system_entry,A
RT,Alley,fe,0.5552310094999999,0.41487801125,0.030972404308714563,system_entry,B
NA,Alley,k,34.186952571875,33.473405145,0.8439656231282844,entry,A
NA,Alley,k,37.195470410625,33.473405145,0.3669418412426228,entry,B
NA,Alley,k,31.48840818,33.473405145,0.6652916203894125,entry,Corn
Corn,Alley,k,31.48840818,33.473405145,0.6652916203894125,system,NA
EWM,Alley,k,34.1411328675,33.473405145,0.8632267907060067,system,NA
HF,Alley,k,38.4401481225,33.473405145,0.42564972368297915,system,NA
LF,Alley,k,33.0254731025,33.473405145,0.8974786958195395,system,NA
RT,Alley,k,37.1580918725,33.473405145,0.3351122533587475,system,NA
Corn,Alley,k,31.48840818,33.473405145,0.6652916203894125,system_entry,Corn
EWM,Alley,k,31.901578735,33.473405145,0.6789048803558186,system_entry,A
EWM,Alley,k,36.380687,33.473405145,0.5763312974338166,system_entry,B
HF,Alley,k,36.4124618025,33.473405145,0.6929807265465809,system_entry,A
HF,Alley,k,40.4678344425,33.473405145,0.5083423733870538,system_entry,B
LF,Alley,k,33.11860494,33.473405145,0.9209044358591432,system_entry,A
LF,Alley,k,32.932341265,33.473405145,0.8906917154514742,system_entry,B
RT,Alley,k,35.31516481,33.473405145,0.6454778564150717,system_entry,A
RT,Alley,k,39.001018935,33.473405145,0.20179636648487992,system_entry,B
NA,Alley,mg,161.873464575,164.49450655,0.8051427361536125,entry,A
NA,Alley,mg,165.60012900625,164.49450655,0.9163669457315305,entry,B
NA,Alley,mg,132.47547277500001,164.49450655,0.11805423017547219,entry,Corn
Corn,Alley,mg,132.47547277500001,164.49450655,0.11805423017547219,system,NA
EWM,Alley,mg,163.411367225,164.49450655,0.92537398151208,system,NA
HF,Alley,mg,155.8389371125,164.49450655,0.44748164012842606,system,NA
LF,Alley,mg,170.2750868375,164.49450655,0.6099000675558959,system,NA
RT,Alley,mg,165.4217959875,164.49450655,0.9386853574800094,system,NA
Corn,Alley,mg,132.47547277500001,164.49450655,0.11805423017547219,system_entry,Corn
EWM,Alley,mg,160.26387110000002,164.49450655,0.7525903010511041,system_entry,A
EWM,Alley,mg,166.55886335,164.49450655,0.8878630880289192,system_entry,B
HF,Alley,mg,152.3813883,164.49450655,0.3294129237010295,system_entry,A
HF,Alley,mg,159.296485925,164.49450655,0.7102387732066873,system_entry,B
LF,Alley,mg,171.2927837,164.49450655,0.6305364481259674,system_entry,A
LF,Alley,mg,169.257389975,164.49450655,0.7075764036812822,system_entry,B
RT,Alley,mg,163.5558152,164.49450655,0.9526482842219086,system_entry,A
RT,Alley,mg,167.287776775,164.49450655,0.8471603573162232,system_entry,B
NA,Alley,mn,4.1814003664375,3.300385805,0.14398450120192474,entry,A
NA,Alley,mn,3.9266871599375,3.300385805,0.21841603277861785,entry,B
NA,Alley,mn,3.883916584,3.300385805,0.4875527140641349,entry,Corn
Corn,Alley,mn,3.883916584,3.300385805,0.4875527140641349,system,NA
EWM,Alley,mn,3.404381547875,3.300385805,0.8242610389357028,system,NA
HF,Alley,mn,3.826399833875,3.300385805,0.472854491555993,system,NA
LF,Alley,mn,4.499345124625,3.300385805,0.23629829534720376,system,NA
RT,Alley,mn,4.486048546375,3.300385805,0.06099434318825799,system,NA
Corn,Alley,mn,3.883916584,3.300385805,0.4875527140641349,system_entry,Corn
EWM,Alley,mn,3.217418821,3.300385805,0.8883682411343597,system_entry,A
EWM,Alley,mn,3.59134427475,3.300385805,0.6617461309447568,system_entry,B
HF,Alley,mn,3.4425863407499997,3.300385805,0.8894277915611369,system_entry,A
HF,Alley,mn,4.210213327,3.300385805,0.43267338345101103,system_entry,B
LF,Alley,mn,5.11039861575,3.300385805,0.29640707814331696,system_entry,A
LF,Alley,mn,3.8882916335,3.300385805,0.6615759604613553,system_entry,B
RT,Alley,mn,4.95519768825,3.300385805,0.1503327778582053,system_entry,A
RT,Alley,mn,4.0168994045,3.300385805,0.20550267378038567,system_entry,B
NA,Alley,organic_matter,3.0834383343125,3.1164329805,0.8724372006653714,entry,A
NA,Alley,organic_matter,3.2500387541875,3.1164329805,0.5277877739251269,entry,B
NA,Alley,organic_matter,2.8065185335,3.1164329805,0.17639605614226406,entry,Corn
Corn,Alley,organic_matter,2.8065185335,3.1164329805,0.17639605614226406,system,NA
EWM,Alley,organic_matter,3.0388269011249998,3.1164329805,0.7061254608772133,system,NA
HF,Alley,organic_matter,3.26148675575,3.1164329805,0.5101060975003289,system,NA
LF,Alley,organic_matter,3.2332273145,3.1164329805,0.6320216190217355,system,NA
RT,Alley,organic_matter,3.133413205625,3.1164329805,0.9409498609731084,system,NA
Corn,Alley,organic_matter,2.8065185335,3.1164329805,0.17639605614226406,system_entry,Corn
EWM,Alley,organic_matter,2.9522783332499998,3.1164329805,0.45770319237801743,system_entry,A
EWM,Alley,organic_matter,3.1253754689999997,3.1164329805,0.9673745955511583,system_entry,B
HF,Alley,organic_matter,3.202391721,3.1164329805,0.6616708722960262,system_entry,A
HF,Alley,organic_matter,3.3205817905,3.1164329805,0.49869835552323205,system_entry,B
LF,Alley,organic_matter,3.20283531225,3.1164329805,0.8070825772565987,system_entry,A
LF,Alley,organic_matter,3.26361931675,3.1164329805,0.5685856653707162,system_entry,B
RT,Alley,organic_matter,2.9762479707500002,3.1164329805,0.5561466995072817,system_entry,A
RT,Alley,organic_matter,3.2905784405,3.1164329805,0.5555550132793079,system_entry,B
NA,Alley,p,2.48710351075,1.52049948175,0.288145559757406,entry,A
NA,Alley,p,3.7374828930000006,1.52049948175,0.17363013842653113,entry,B
NA,Alley,p,1.333754911,1.52049948175,0.2560401643566495,entry,Corn
Corn,Alley,p,1.333754911,1.52049948175,0.2560401643566495,system,NA
EWM,Alley,p,1.656898787375,1.52049948175,0.44610347370478287,system,NA
HF,Alley,p,6.83522793525,1.52049948175,0.1506576499006732,system,NA
LF,Alley,p,1.578275057375,1.52049948175,0.794109511550118,system,NA
RT,Alley,p,2.3787710275,1.52049948175,0.09155288692151904,system,NA
Corn,Alley,p,1.333754911,1.52049948175,0.2560401643566495,system_entry,Corn
EWM,Alley,p,1.3550156315000002,1.52049948175,0.2236002728999206,system_entry,A
EWM,Alley,p,1.95878194325,1.52049948175,0.08961903473803935,system_entry,B
HF,Alley,p,5.3274455645,1.52049948175,0.3416160329226888,system_entry,A
HF,Alley,p,8.343010306,1.52049948175,0.34751891775744287,system_entry,B
LF,Alley,p,1.4742447625,1.52049948175,0.8832794368991133,system_entry,A
LF,Alley,p,1.68230535225,1.52049948175,0.6406589972364776,system_entry,B
RT,Alley,p,1.7917080845000002,1.52049948175,0.5559543029277687,system_entry,A
RT,Alley,p,2.9658339705,1.52049948175,0.13013322484648412,system_entry,B
NA,Alley,ph,8.197375000000001,8.23675,0.3798512711285037,entry,A
NA,Alley,ph,8.25625,8.23675,0.6691425650131134,entry,B
NA,Alley,ph,8.0915,8.23675,0.051571974677375405,entry,Corn
Corn,Alley,ph,8.0915,8.23675,0.051571974677375405,system,NA
EWM,Alley,ph,8.254625,8.23675,0.7508977148666753,system,NA
HF,Alley,ph,8.183,8.23675,0.44882232198236194,system,NA
LF,Alley,ph,8.206,8.23675,0.6294887214228786,system,NA
RT,Alley,ph,8.263625000000001,8.23675,0.6247012660648879,system,NA
Corn,Alley,ph,8.0915,8.23675,0.051571974677375405,system_entry,Corn
EWM,Alley,ph,8.2185,8.23675,0.8444710297760807,system_entry,A
EWM,Alley,ph,8.29075,8.23675,0.4531430855311946,system_entry,B
HF,Alley,ph,8.1305,8.23675,0.3322764487022199,system_entry,A
HF,Alley,ph,8.2355,8.23675,0.9903950318562157,system_entry,B
LF,Alley,ph,8.1955,8.23675,0.5860626635007191,system_entry,A
LF,Alley,ph,8.2165,8.23675,0.8605479408206613,system_entry,B
RT,Alley,ph,8.245000000000001,8.23675,0.9211390756238995,system_entry,A
RT,Alley,ph,8.282250000000001,8.23675,0.5754935232925251,system_entry,B
NA,Alley,pred_soil_protein,5.328508912,5.0072200865,0.5431584316000804,entry,A
NA,Alley,pred_soil_protein,5.5792194841875,5.0072200865,0.3026724188592353,entry,B
NA,Alley,pred_soil_protein,4.7264794525000005,5.0072200865,0.5934057363244742,entry,Corn
Corn,Alley,pred_soil_protein,4.7264794525000005,5.0072200865,0.5934057363244742,system,NA
EWM,Alley,pred_soil_protein,5.214007425875,5.0072200865,0.6793195308254987,system,NA
HF,Alley,pred_soil_protein,5.849807919375,5.0072200865,0.19227224815326177,system,NA
LF,Alley,pred_soil_protein,5.482022590875,5.0072200865,0.4189209446755004,system,NA
RT,Alley,pred_soil_protein,5.26961885625,5.0072200865,0.6339436111468018,system,NA
Corn,Alley,pred_soil_protein,4.7264794525000005,5.0072200865,0.5934057363244742,system_entry,Corn
EWM,Alley,pred_soil_protein,5.07862624825,5.0072200865,0.8876801314310367,system_entry,A
EWM,Alley,pred_soil_protein,5.3493886035,5.0072200865,0.5110128943654146,system_entry,B
HF,Alley,pred_soil_protein,5.888031055,5.0072200865,0.22674219834451112,system_entry,A
HF,Alley,pred_soil_protein,5.81158478375,5.0072200865,0.3656938092120568,system_entry,B
LF,Alley,pred_soil_protein,5.42702478075,5.0072200865,0.5763565244639504,system_entry,A
LF,Alley,pred_soil_protein,5.5370204009999995,5.0072200865,0.42177121776016024,system_entry,B
RT,Alley,pred_soil_protein,4.920353564,5.0072200865,0.8735919491156952,system_entry,A
RT,Alley,pred_soil_protein,5.6188841485,5.0072200865,0.3637363490082255,system_entry,B
NA,Alley,pred_water_capacity,0.2111966846875,0.20334219625,0.12372791659295697,entry,A
NA,Alley,pred_water_capacity,0.21281709168750002,0.20334219625,0.08234531227992631,entry,B
NA,Alley,pred_water_capacity,0.21125773675,0.20334219625,0.12413813284141377,entry,Corn
Corn,Alley,pred_water_capacity,0.21125773675,0.20334219625,0.12413813284141377,system,NA
EWM,Alley,pred_water_capacity,0.20999626100000002,0.20334219625,0.18675514903872967,system,NA
HF,Alley,pred_water_capacity,0.21667101225,0.20334219625,0.034009559589990884,system,NA
LF,Alley,pred_water_capacity,0.211224504625,0.20334219625,0.14706399414028715,system,NA
RT,Alley,pred_water_capacity,0.21013577487500001,0.20334219625,0.2077042042734099,system,NA
Corn,Alley,pred_water_capacity,0.21125773675,0.20334219625,0.12413813284141377,system_entry,Corn
EWM,Alley,pred_water_capacity,0.21007291825000002,0.20334219625,0.20447108841981254,system_entry,A
EWM,Alley,pred_water_capacity,0.20991960375000002,0.20334219625,0.27882165777662016,system_entry,B
HF,Alley,pred_water_capacity,0.21441933475,0.20334219625,0.05226764013000917,system_entry,A
HF,Alley,pred_water_capacity,0.21892268975,0.20334219625,0.13135786555772325,system_entry,B
LF,Alley,pred_water_capacity,0.2120141615,0.20334219625,0.20318584875016465,system_entry,A
LF,Alley,pred_water_capacity,0.21043484775000001,0.20334219625,0.2740040187063039,system_entry,B
RT,Alley,pred_water_capacity,0.20828032424999998,0.20334219625,0.35038158692693283,system_entry,A
RT,Alley,pred_water_capacity,0.2119912255,0.20334219625,0.27053331592975566,system_entry,B
NA,Alley,respiration,0.7735246150625,0.827079047,0.06109375626278078,entry,A
NA,Alley,respiration,0.7260881558125,0.827079047,0.020840100528052765,entry,B
NA,Alley,respiration,0.4866005375,0.827079047,6.409188027798034e-5,entry,Corn
Corn,Alley,respiration,0.4866005375,0.827079047,6.409188027798034e-5,system,NA
EWM,Alley,respiration,0.717664859375,0.827079047,0.006495807531936889,system,NA
HF,Alley,respiration,0.8125377775,0.827079047,0.7926915841916271,system,NA
LF,Alley,respiration,0.722098173375,0.827079047,0.01631593688811443,system,NA
RT,Alley,respiration,0.7469247315,0.827079047,0.1892389358060084,system,NA
Corn,Alley,respiration,0.4866005375,0.827079047,6.409188027798034e-5,system_entry,Corn
EWM,Alley,respiration,0.73096480125,0.827079047,0.029365384373271238,system_entry,A
EWM,Alley,respiration,0.7043649175,0.827079047,0.09908836504281902,system_entry,B
HF,Alley,respiration,0.76820463825,0.827079047,0.297021263935813,system_entry,A
HF,Alley,respiration,0.85687091675,0.827079047,0.7745214739693534,system_entry,B
LF,Alley,respiration,0.7682046385,0.827079047,0.3329394819752866,system_entry,A
LF,Alley,respiration,0.67599170825,0.827079047,0.010802490795888844,system_entry,B
RT,Alley,respiration,0.82672438225,0.827079047,0.9949996754112529,system_entry,A
RT,Alley,respiration,0.66712508075,0.827079047,0.14473433014760073,system_entry,B
NA,Alley,s,3.1598621658125,2.9264785077499997,0.5554185721209185,entry,A
NA,Alley,s,2.9932386875625,2.9264785077499997,0.8640321279718592,entry,B
NA,Alley,s,3.22095287925,2.9264785077499997,0.4779307044285098,entry,Corn
Corn,Alley,s,3.22095287925,2.9264785077499997,0.4779307044285098,system,NA
EWM,Alley,s,2.741020110625,2.9264785077499997,0.6391538392370402,system,NA
HF,Alley,s,3.418934483625,2.9264785077499997,0.2875472626256081,system,NA
LF,Alley,s,3.010740884375,2.9264785077499997,0.835436825224303,system,NA
RT,Alley,s,3.135506228125,2.9264785077499997,0.6153162651429638,system,NA
Corn,Alley,s,3.22095287925,2.9264785077499997,0.4779307044285098,system_entry,Corn
EWM,Alley,s,2.83986500275,2.9264785077499997,0.8535277585311514,system_entry,A
EWM,Alley,s,2.6421752185,2.9264785077499997,0.4790068005951226,system_entry,B
HF,Alley,s,3.4835349385,2.9264785077499997,0.30455484928665355,system_entry,A
HF,Alley,s,3.3543340287500003,2.9264785077499997,0.4749704051150493,system_entry,B
LF,Alley,s,3.1547169,2.9264785077499997,0.5517601128629609,system_entry,A
LF,Alley,s,2.86676486875,2.9264785077499997,0.9117316826979773,system_entry,B
RT,Alley,s,3.161331822,2.9264785077499997,0.6737816376931911,system_entry,A
RT,Alley,s,3.10968063425,2.9264785077499997,0.6519351567870039,system_entry,B
NA,Alley,soc,1.893326060375,1.7960124805,0.5924403785333043,entry,A
NA,Alley,soc,1.97657621075,1.7960124805,0.33963305646885417,entry,B
NA,Alley,soc,1.66194572025,1.7960124805,0.45725427856136575,entry,Corn
Corn,Alley,soc,1.66194572025,1.7960124805,0.45725427856136575,system,NA
EWM,Alley,soc,1.8605912176250001,1.7960124805,0.708229407027122,system,NA
HF,Alley,soc,2.021972174125,1.7960124805,0.2859570637471505,system,NA
LF,Alley,soc,1.956387482375,1.7960124805,0.45997959768703156,system,NA
RT,Alley,soc,1.9008536681250001,1.7960124805,0.5994757039673457,system,NA
Corn,Alley,soc,1.66194572025,1.7960124805,0.45725427856136575,system_entry,Corn
EWM,Alley,soc,1.83512925575,1.7960124805,0.828754635124215,system_entry,A
EWM,Alley,soc,1.8860531795000002,1.7960124805,0.6221220114393745,system_entry,B
HF,Alley,soc,2.042914165,1.7960124805,0.315273202994813,system_entry,A
HF,Alley,soc,2.00103018325,1.7960124805,0.46245264535346087,system_entry,B
LF,Alley,soc,1.9290598975,1.7960124805,0.6631306466402676,system_entry,A
LF,Alley,soc,1.98371506725,1.7960124805,0.4556090719240473,system_entry,B
RT,Alley,soc,1.76620092325,1.7960124805,0.87854815085765,system_entry,A
RT,Alley,soc,2.0355064130000002,1.7960124805,0.3727085629185325,system_entry,B
NA,Alley,soil_texture_clay,19.16921156,20.4118040775,0.08603530741740642,entry,A
NA,Alley,soil_texture_clay,19.352912375625,20.4118040775,0.1618662315192286,entry,B
NA,Alley,soil_texture_clay,18.21472834,20.4118040775,0.111394830785342,entry,Corn
Corn,Alley,soil_texture_clay,18.21472834,20.4118040775,0.111394830785342,system,NA
EWM,Alley,soil_texture_clay,19.36550373,20.4118040775,0.22843863022489103,system,NA
HF,Alley,soil_texture_clay,19.43355142625,20.4118040775,0.41357287867124237,system,NA
LF,Alley,soil_texture_clay,18.9959758725,20.4118040775,0.06848729757954415,system,NA
RT,Alley,soil_texture_clay,19.2492168425,20.4118040775,0.1485202695588405,system,NA
Corn,Alley,soil_texture_clay,18.21472834,20.4118040775,0.111394830785342,system_entry,Corn
EWM,Alley,soil_texture_clay,20.043476895,20.4118040775,0.7382766228043209,system_entry,A
EWM,Alley,soil_texture_clay,18.687530565,20.4118040775,0.1779744845773337,system_entry,B
HF,Alley,soil_texture_clay,18.316652895,20.4118040775,0.19685920400599768,system_entry,A
HF,Alley,soil_texture_clay,20.5504499575,20.4118040775,0.939426590918726,system_entry,B
LF,Alley,soil_texture_clay,19.174276515,20.4118040775,0.2625103497811002,system_entry,A
LF,Alley,soil_texture_clay,18.81767523,20.4118040775,0.09846904982778157,system_entry,B
RT,Alley,soil_texture_clay,19.142439935,20.4118040775,0.19173915229577515,system_entry,A
RT,Alley,soil_texture_clay,19.35599375,20.4118040775,0.39751009376856605,system_entry,B
NA,Alley,soil_texture_sand,39.64226153125,39.6940641225,0.9491018529514244,entry,A
NA,Alley,soil_texture_sand,38.640782401875,39.6940641225,0.20491111432383785,entry,B
NA,Alley,soil_texture_sand,43.09080936,39.6940641225,0.1449247265242144,entry,Corn
Corn,Alley,soil_texture_sand,43.09080936,39.6940641225,0.1449247265242144,system,NA
EWM,Alley,soil_texture_sand,38.99364022875,39.6940641225,0.34947511960994576,system,NA
HF,Alley,soil_texture_sand,39.135656925,39.6940641225,0.6967835648238434,system,NA
LF,Alley,soil_texture_sand,39.1160705225,39.6940641225,0.6053641906862526,system,NA
RT,Alley,soil_texture_sand,39.32072019,39.6940641225,0.67932021586537,system,NA
Corn,Alley,soil_texture_sand,43.09080936,39.6940641225,0.1449247265242144,system_entry,Corn
EWM,Alley,soil_texture_sand,38.757877165000004,39.6940641225,0.43946994557076785,system_entry,A
EWM,Alley,soil_texture_sand,39.229403292499995,39.6940641225,0.4930670711898104,system_entry,B
HF,Alley,soil_texture_sand,40.6975630225,39.6940641225,0.4766070556119283,system_entry,A
HF,Alley,soil_texture_sand,37.5737508275,39.6940641225,0.408315685843901,system_entry,B
LF,Alley,soil_texture_sand,39.175061665,39.6940641225,0.7840581256728791,system_entry,A
LF,Alley,soil_texture_sand,39.057079380000005,39.6940641225,0.6516053377145987,system_entry,B
RT,Alley,soil_texture_sand,39.938544272499996,39.6940641225,0.8702549088443065,system_entry,A
RT,Alley,soil_texture_sand,38.7028961075,39.6940641225,0.28346477687103566,system_entry,B
NA,Alley,soil_texture_silt,41.188526909375,39.8941318,0.11790703705968324,entry,A
NA,Alley,soil_texture_silt,42.006305223125,39.8941318,0.018832711772323506,entry,B
NA,Alley,soil_texture_silt,38.6944623,39.8941318,0.2879140514507507,entry,Corn
Corn,Alley,soil_texture_silt,38.6944623,39.8941318,0.2879140514507507,system,NA
EWM,Alley,soil_texture_silt,41.6408560425,39.8941318,0.040575563064706416,system,NA
HF,Alley,soil_texture_silt,41.4307916525,39.8941318,0.12125607011631345,system,NA
LF,Alley,soil_texture_silt,41.887953605,39.8941318,0.06166482255949408,system,NA
RT,Alley,soil_texture_silt,41.430062965,39.8941318,0.18930989750560762,system,NA
Corn,Alley,soil_texture_silt,38.6944623,39.8941318,0.2879140514507507,system_entry,Corn
EWM,Alley,soil_texture_silt,41.19864594,39.8941318,0.10592532471497262,system_entry,A
EWM,Alley,soil_texture_silt,42.083066145000004,39.8941318,0.050570027768821704,system_entry,B
HF,Alley,soil_texture_silt,40.985784089999996,39.8941318,0.41481741437984526,system_entry,A
HF,Alley,soil_texture_silt,41.875799215,39.8941318,0.16380051297165318,system_entry,B
LF,Alley,soil_texture_silt,41.650661819999996,39.8941318,0.2686112330028029,system_entry,A
LF,Alley,soil_texture_silt,42.12524539,39.8941318,0.13124575115092693,system_entry,B
RT,Alley,soil_texture_silt,40.9190157875,39.8941318,0.555537725834901,system_entry,A
RT,Alley,soil_texture_silt,41.9411101425,39.8941318,0.2255642116558602,system_entry,B
NA,Alley,subsurface_hardness,331.5,364.375,6.180617663133314e-4,entry,A
NA,Alley,subsurface_hardness,341.3671875,364.375,0.0053975481296513455,entry,B
NA,Alley,subsurface_hardness,340.15625,364.375,0.005861125882627625,entry,Corn
Corn,Alley,subsurface_hardness,340.15625,364.375,0.005861125882627625,system,NA
EWM,Alley,subsurface_hardness,329.84375,364.375,5.984067260692126e-4,system,NA
HF,Alley,subsurface_hardness,335.578125,364.375,0.011384780709962199,system,NA
LF,Alley,subsurface_hardness,344.296875,364.375,0.07359579849650576,system,NA
RT,Alley,subsurface_hardness,336.015625,364.375,0.036214038142753945,system,NA
Corn,Alley,subsurface_hardness,340.15625,364.375,0.005861125882627625,system_entry,Corn
EWM,Alley,subsurface_hardness,318.4375,364.375,3.1974769048472896e-4,system_entry,A
EWM,Alley,subsurface_hardness,341.25,364.375,0.012367664837101328,system_entry,B
HF,Alley,subsurface_hardness,341.15625,364.375,0.1333939365045679,system_entry,A
HF,Alley,subsurface_hardness,330,364.375,0.0662178437951816,system_entry,B
LF,Alley,subsurface_hardness,333.4375,364.375,0.062101311418820644,system_entry,A
LF,Alley,subsurface_hardness,355.15625,364.375,0.5462080883905686,system_entry,B
RT,Alley,subsurface_hardness,332.96875,364.375,0.22494974175521373,system_entry,A
RT,Alley,subsurface_hardness,339.0625,364.375,0.0803964009248236,system_entry,B
NA,Alley,surface_hardness,124.375,258.59375,1.166823790566311e-5,entry,A
NA,Alley,surface_hardness,148.671875,258.59375,2.1348277052971015e-5,entry,B
NA,Alley,surface_hardness,163.28125,258.59375,0.0011258175492232744,entry,Corn
Corn,Alley,surface_hardness,163.28125,258.59375,0.0011258175492232744,system,NA
EWM,Alley,surface_hardness,132.265625,258.59375,5.56802333466329e-6,system,NA
HF,Alley,surface_hardness,144.84375,258.59375,1.9268211538749163e-5,system,NA
LF,Alley,surface_hardness,133.671875,258.59375,7.191263517678199e-6,system,NA
RT,Alley,surface_hardness,135.3125,258.59375,1.4854082831473794e-5,system,NA
Corn,Alley,surface_hardness,163.28125,258.59375,0.0011258175492232744,system_entry,Corn
EWM,Alley,surface_hardness,115.15625,258.59375,8.284799717640428e-5,system_entry,A
EWM,Alley,surface_hardness,149.375,258.59375,1.409769044320836e-4,system_entry,B
HF,Alley,surface_hardness,146.40625,258.59375,1.22239267640255e-4,system_entry,A
HF,Alley,surface_hardness,143.28125,258.59375,8.259484372193588e-4,system_entry,B
LF,Alley,surface_hardness,123.28125,258.59375,2.4496939221444066e-4,system_entry,A
LF,Alley,surface_hardness,144.0625,258.59375,0.004440178518265824,system_entry,B
RT,Alley,surface_hardness,112.65625,258.59375,1.5479890464077556e-4,system_entry,A
RT,Alley,surface_hardness,157.96875,258.59375,0.0044670324876868355,system_entry,B
NA,Alley,total_c,2.239125,2.1182499999999997,0.45008552923541645,entry,A
NA,Alley,total_c,2.3155,2.1182499999999997,0.25918641435034584,entry,B
NA,Alley,total_c,1.827,2.1182499999999997,0.09294027441549947,entry,Corn
Corn,Alley,total_c,1.827,2.1182499999999997,0.09294027441549947,system,NA
EWM,Alley,total_c,2.12625,2.1182499999999997,0.9542879927622461,system,NA
HF,Alley,total_c,2.504625,2.1182499999999997,0.1682671953116099,system,NA
LF,Alley,total_c,2.19725,2.1182499999999997,0.6499117807015495,system,NA
RT,Alley,total_c,2.281125,2.1182499999999997,0.2985694598570201,system,NA
Corn,Alley,total_c,1.827,2.1182499999999997,0.09294027441549947,system_entry,Corn
EWM,Alley,total_c,2.10525,2.1182499999999997,0.930792510577028,system_entry,A
EWM,Alley,total_c,2.14725,2.1182499999999997,0.8453721741603356,system_entry,B
HF,Alley,total_c,2.48075,2.1182499999999997,0.31761915175465977,system_entry,A
HF,Alley,total_c,2.5285,2.1182499999999997,0.38632689641580276,system_entry,B
LF,Alley,total_c,2.2085,2.1182499999999997,0.6870719776534582,system_entry,A
LF,Alley,total_c,2.186,2.1182499999999997,0.7644202826655225,system_entry,B
RT,Alley,total_c,2.162,2.1182499999999997,0.7737395099822417,system_entry,A
RT,Alley,total_c,2.4002499999999998,2.1182499999999997,0.11312589611327843,system_entry,B
NA,Alley,total_n,0.18425,0.17425,0.5600724923474294,entry,A
NA,Alley,total_n,0.19125,0.17425,0.34926651230234856,entry,B
NA,Alley,total_n,0.154,0.17425,0.2567610830926432,entry,Corn
Corn,Alley,total_n,0.154,0.17425,0.2567610830926432,system,NA
EWM,Alley,total_n,0.182125,0.17425,0.6407663009159971,system,NA
HF,Alley,total_n,0.19525,0.17425,0.28296238541506924,system,NA
LF,Alley,total_n,0.19,0.17425,0.44924585493236724,system,NA
RT,Alley,total_n,0.18362499999999998,0.17425,0.6316292484324713,system,NA
Corn,Alley,total_n,0.154,0.17425,0.2567610830926432,system_entry,Corn
EWM,Alley,total_n,0.178,0.17425,0.8345286848061926,system_entry,A
EWM,Alley,total_n,0.18625,0.17425,0.5181366808582102,system_entry,B
HF,Alley,total_n,0.19825,0.17425,0.23826193034309004,system_entry,A
HF,Alley,total_n,0.19225,0.17425,0.49897821390554786,system_entry,B
LF,Alley,total_n,0.18675,0.17425,0.6578756410139331,system_entry,A
LF,Alley,total_n,0.19325,0.17425,0.4585253727813552,system_entry,B
RT,Alley,total_n,0.174,0.17425,0.9895995180126445,system_entry,A
RT,Alley,total_n,0.19325,0.17425,0.5014900170378349,system_entry,B
NA,Alley,zn,0.2481530539375,0.32523789075,0.548552875719122,entry,A
NA,Alley,zn,0.3357179211875,0.32523789075,0.9431948135680283,entry,B
NA,Alley,zn,0.22673092375,0.32523789075,0.42182062983189833,entry,Corn
Corn,Alley,zn,0.22673092375,0.32523789075,0.42182062983189833,system,NA
EWM,Alley,zn,0.21032099125,0.32523789075,0.3773565920128199,system,NA
HF,Alley,zn,0.482152419,0.32523789075,0.5141311744464069,system,NA
LF,Alley,zn,0.227099985375,0.32523789075,0.42879696577553306,system,NA
RT,Alley,zn,0.24816855462499998,0.32523789075,0.5285133753668647,system,NA
Corn,Alley,zn,0.22673092375,0.32523789075,0.42182062983189833,system_entry,Corn
EWM,Alley,zn,0.143382869,0.32523789075,0.1842352618463191,system_entry,A
EWM,Alley,zn,0.2772591135,0.32523789075,0.744156271017729,system_entry,B
HF,Alley,zn,0.39684752375,0.32523789075,0.7772065037784478,system_entry,A
HF,Alley,zn,0.56745731425,0.32523789075,0.5812176590161178,system_entry,B
LF,Alley,zn,0.25299912625,0.32523789075,0.5655559382222057,system_entry,A
LF,Alley,zn,0.2012008445,0.32523789075,0.3322651057792383,system_entry,B
RT,Alley,zn,0.19938269675,0.32523789075,0.3314887199425425,system_entry,A
RT,Alley,zn,0.2969544125,0.32523789075,0.8142041311849753,system_entry,B
NA,Corn,active_carbon,519.3774988875,484.573363175,0.21876438816473576,entry,A
NA,Corn,active_carbon,467.41395692500004,484.573363175,0.5877261516983062,entry,Alley
NA,Corn,active_carbon,538.8568496625,484.573363175,0.0771725558555608,entry,B
Alley,Corn,active_carbon,467.41395692500004,484.573363175,0.5877261516983062,system,NA
EWM,Corn,active_carbon,523.5298531125,484.573363175,0.14708670692257858,system,NA
HF,Corn,active_carbon,577.6472277500001,484.573363175,0.03915889573603858,system,NA
LF,Corn,active_carbon,509.848704875,484.573363175,0.34285735277655677,system,NA
RT,Corn,active_carbon,505.4429113625,484.573363175,0.551296432328604,system,NA
Alley,Corn,active_carbon,467.41395692500004,484.573363175,0.5877261516983062,system_entry,Alley
EWM,Corn,active_carbon,517.037104775,484.573363175,0.22783965018995267,system_entry,A
EWM,Corn,active_carbon,530.02260145,484.573363175,0.10614337819944127,system_entry,B
HF,Corn,active_carbon,577.4131322750001,484.573363175,0.07299117101033627,system_entry,A
HF,Corn,active_carbon,577.881323225,484.573363175,0.24177867383930413,system_entry,B
LF,Corn,active_carbon,501.732769475,484.573363175,0.6187536054462464,system_entry,A
LF,Corn,active_carbon,517.964640275,484.573363175,0.2324602717108468,system_entry,B
RT,Corn,active_carbon,481.326989025,484.573363175,0.9452248624246404,system_entry,A
RT,Corn,active_carbon,529.5588336999999,484.573363175,0.3507512306213239,system_entry,B
NA,Corn,aggregate_stability,14.3419447580625,5.716788834,9.411280744011834e-4,entry,A
NA,Corn,aggregate_stability,23.2747736425,5.716788834,5.1304660514366016e-5,entry,Alley
NA,Corn,aggregate_stability,17.45125664375,5.716788834,9.037149328048318e-5,entry,B
Alley,Corn,aggregate_stability,23.2747736425,5.716788834,5.1304660514366016e-5,system,NA
EWM,Corn,aggregate_stability,13.735373331125,5.716788834,0.0016536396611697417,system,NA
HF,Corn,aggregate_stability,15.22462709375,5.716788834,7.511835196127053e-4,system,NA
LF,Corn,aggregate_stability,15.96692338,5.716788834,6.825406563612116e-4,system,NA
RT,Corn,aggregate_stability,18.65947899875,5.716788834,2.203117986995786e-4,system,NA
Alley,Corn,aggregate_stability,23.2747736425,5.716788834,5.1304660514366016e-5,system_entry,Alley
EWM,Corn,aggregate_stability,12.15739680225,5.716788834,0.024969724452380274,system_entry,A
EWM,Corn,aggregate_stability,15.313349859999999,5.716788834,0.0018576042744480345,system_entry,B
HF,Corn,aggregate_stability,14.4257587575,5.716788834,0.0021967336388707473,system_entry,A
HF,Corn,aggregate_stability,16.02349543,5.716788834,0.0017312092525601207,system_entry,B
LF,Corn,aggregate_stability,14.417346187500002,5.716788834,0.04307260909236948,system_entry,A
LF,Corn,aggregate_stability,17.5165005725,5.716788834,0.004368613782668001,system_entry,B
RT,Corn,aggregate_stability,16.367277285,5.716788834,0.0037731802361786874,system_entry,A
RT,Corn,aggregate_stability,20.9516807125,5.716788834,0.013059538954086363,system_entry,B
NA,Corn,al,1.6807614253125,2.5055488095,0.012304311734739856,entry,A
NA,Corn,al,1.857060698,2.5055488095,0.03793896093578576,entry,Alley
NA,Corn,al,1.809420292125,2.5055488095,0.022978519316352197,entry,B
Alley,Corn,al,1.857060698,2.5055488095,0.03793896093578576,system,NA
EWM,Corn,al,1.72669973275,2.5055488095,0.014133761959233323,system,NA
HF,Corn,al,1.587908022625,2.5055488095,0.011934104891897907,system,NA
LF,Corn,al,1.7950550125,2.5055488095,0.020670359164706574,system,NA
RT,Corn,al,1.870700667,2.5055488095,0.04116252920849698,system,NA
Alley,Corn,al,1.857060698,2.5055488095,0.03793896093578576,system_entry,Alley
EWM,Corn,al,1.5332151455,2.5055488095,0.007041031286960057,system_entry,A
EWM,Corn,al,1.9201843200000002,2.5055488095,0.08867561217008786,system_entry,B
HF,Corn,al,1.527249286,2.5055488095,0.008288687363803744,system_entry,A
HF,Corn,al,1.64856675925,2.5055488095,0.012380636923389036,system_entry,B
LF,Corn,al,1.7427978165,2.5055488095,0.017884022527608474,system_entry,A
LF,Corn,al,1.8473122085,2.5055488095,0.09503497540007137,system_entry,B
RT,Corn,al,1.91978345325,2.5055488095,0.19144702330496322,system_entry,A
RT,Corn,al,1.8216178807499999,2.5055488095,0.05390901268461064,system_entry,B
NA,Corn,ca,2285.4385976875,1932.50222425,0.6153021472368225,entry,A
NA,Corn,ca,2016.104956,1932.50222425,0.902978352525664,entry,Alley
NA,Corn,ca,2367.484147,1932.50222425,0.5357767726063704,entry,B
Alley,Corn,ca,2016.104956,1932.50222425,0.902978352525664,system,NA
EWM,Corn,ca,1998.521691125,1932.50222425,0.9214513395556996,system,NA
HF,Corn,ca,2667.334493,1932.50222425,0.40056987331253924,system,NA
LF,Corn,ca,1920.36990525,1932.50222425,0.9851798535798413,system,NA
RT,Corn,ca,2719.6194,1932.50222425,0.3319763167803353,system,NA
Alley,Corn,ca,2016.104956,1932.50222425,0.902978352525664,system_entry,Alley
EWM,Corn,ca,1951.17078925,1932.50222425,0.9796250459521861,system_entry,A
EWM,Corn,ca,2045.872593,1932.50222425,0.8728659230408173,system_entry,B
HF,Corn,ca,2437.3523972499997,1932.50222425,0.6450966292670433,system_entry,A
HF,Corn,ca,2897.31658875,1932.50222425,0.4190349173254983,system_entry,B
LF,Corn,ca,1903.80537775,1932.50222425,0.9668638185984118,system_entry,A
LF,Corn,ca,1936.93443275,1932.50222425,0.9947273981070077,system_entry,B
RT,Corn,ca,2849.4258265,1932.50222425,0.3978310910797333,system_entry,A
RT,Corn,ca,2589.8129735,1932.50222425,0.4755686920772041,system_entry,B
NA,Corn,cu,0.0669143775,0.05078450325,1.8672705538897534e-4,entry,A
NA,Corn,cu,0.07108308975,0.05078450325,0.00574397821572293,entry,Alley
NA,Corn,cu,0.08205156887500001,0.05078450325,2.2526382201247606e-4,entry,B
Alley,Corn,cu,0.07108308975,0.05078450325,0.00574397821572293,system,NA
EWM,Corn,cu,0.0782527195,0.05078450325,0.06761428519510573,system,NA
HF,Corn,cu,0.072602936125,0.05078450325,0.008256722809916786,system,NA
LF,Corn,cu,0.072793579625,0.05078450325,0.0028539420327185062,system,NA
RT,Corn,cu,0.0742826575,0.05078450325,3.934250827424706e-4,system,NA
Alley,Corn,cu,0.07108308975,0.05078450325,0.00574397821572293,system_entry,Alley
EWM,Corn,cu,0.06318915825,0.05078450325,0.048449364547076976,system_entry,A
EWM,Corn,cu,0.09331628075000001,0.05078450325,0.17574869245382865,system_entry,B
HF,Corn,cu,0.06631927274999999,0.05078450325,0.04933097216155984,system_entry,A
HF,Corn,cu,0.0788865995,0.05078450325,0.07858102438681795,system_entry,B
LF,Corn,cu,0.07291484200000001,0.05078450325,0.07165713713450758,system_entry,A
LF,Corn,cu,0.07267231725,0.05078450325,0.04829584341728821,system_entry,B
RT,Corn,cu,0.065234237,0.05078450325,0.014864788663003895,system_entry,A
RT,Corn,cu,0.083331078,0.05078450325,1.1064319393968926e-4,system_entry,B
NA,Corn,fe,0.507185825625,0.52773358925,0.7591329644989594,entry,A
NA,Corn,fe,0.41487801125,0.52773358925,0.04823030451790431,entry,Alley
NA,Corn,fe,0.5532679361875,0.52773358925,0.6713470530694644,entry,B
Alley,Corn,fe,0.41487801125,0.52773358925,0.04823030451790431,system,NA
EWM,Corn,fe,0.504564444875,0.52773358925,0.7336883476840259,system,NA
HF,Corn,fe,0.467531689875,0.52773358925,0.2498997122940486,system,NA
LF,Corn,fe,0.5592519585,0.52773358925,0.749423748060451,system,NA
RT,Corn,fe,0.589559430375,0.52773358925,0.5610609686294192,system,NA
Alley,Corn,fe,0.41487801125,0.52773358925,0.04823030451790431,system_entry,Alley
EWM,Corn,fe,0.40338232949999997,0.52773358925,0.03570588708417415,system_entry,A
EWM,Corn,fe,0.60574656025,0.52773358925,0.445330800173648,system_entry,B
HF,Corn,fe,0.45210991325,0.52773358925,0.18454068166228177,system_entry,A
HF,Corn,fe,0.48295346650000004,0.52773358925,0.535790472933197,system_entry,B
LF,Corn,fe,0.5493632085,0.52773358925,0.8391247888572624,system_entry,A
LF,Corn,fe,0.5691407085,0.52773358925,0.8227352104960961,system_entry,B
RT,Corn,fe,0.62388785125,0.52773358925,0.6674932028152536,system_entry,A
RT,Corn,fe,0.5552310094999999,0.52773358925,0.6310518390460562,system_entry,B
NA,Corn,k,34.186952571875,31.48840818,0.48412132118089385,entry,A
NA,Corn,k,33.473405145,31.48840818,0.6652916203894125,entry,Alley
NA,Corn,k,37.195470410625,31.48840818,0.1943984489866007,entry,B
Alley,Corn,k,33.473405145,31.48840818,0.6652916203894125,system,NA
EWM,Corn,k,34.1411328675,31.48840818,0.5146653637200029,system,NA
HF,Corn,k,38.4401481225,31.48840818,0.27721950159334996,system,NA
LF,Corn,k,33.0254731025,31.48840818,0.6742015549968444,system,NA
RT,Corn,k,37.1580918725,31.48840818,0.17600661544366047,system,NA
Alley,Corn,k,33.473405145,31.48840818,0.6652916203894125,system_entry,Alley
EWM,Corn,k,31.901578735,31.48840818,0.9154350074798137,system_entry,A
EWM,Corn,k,36.380687,31.48840818,0.3662924624144627,system_entry,B
HF,Corn,k,36.4124618025,31.48840818,0.5181419887531854,system_entry,A
HF,Corn,k,40.4678344425,31.48840818,0.406315213171923,system_entry,B
LF,Corn,k,33.11860494,31.48840818,0.6637907246711999,system_entry,A
LF,Corn,k,32.932341265,31.48840818,0.7232787360235837,system_entry,B
RT,Corn,k,35.31516481,31.48840818,0.3677673574336531,system_entry,A
RT,Corn,k,39.001018935,31.48840818,0.10889125102400961,system_entry,B
NA,Corn,mg,161.873464575,132.47547277500001,0.13189903392067504,entry,A
NA,Corn,mg,164.49450655,132.47547277500001,0.11805423017547219,entry,Alley
NA,Corn,mg,165.60012900625,132.47547277500001,0.10140572852477348,entry,B
Alley,Corn,mg,164.49450655,132.47547277500001,0.11805423017547219,system,NA
EWM,Corn,mg,163.411367225,132.47547277500001,0.11862524618416607,system,NA
HF,Corn,mg,155.8389371125,132.47547277500001,0.20813720795158813,system,NA
LF,Corn,mg,170.2750868375,132.47547277500001,0.07207943442135892,system,NA
RT,Corn,mg,165.4217959875,132.47547277500001,0.10289444162562708,system,NA
Alley,Corn,mg,164.49450655,132.47547277500001,0.11805423017547219,system_entry,Alley
EWM,Corn,mg,160.26387110000002,132.47547277500001,0.16517672273034908,system_entry,A
EWM,Corn,mg,166.55886335,132.47547277500001,0.11205552186889202,system_entry,B
HF,Corn,mg,152.3813883,132.47547277500001,0.2788361218486351,system_entry,A
HF,Corn,mg,159.296485925,132.47547277500001,0.18350701837723207,system_entry,B
LF,Corn,mg,171.2927837,132.47547277500001,0.075125171824544,system_entry,A
LF,Corn,mg,169.257389975,132.47547277500001,0.08074928867942673,system_entry,B
RT,Corn,mg,163.5558152,132.47547277500001,0.1531104912207985,system_entry,A
RT,Corn,mg,167.287776775,132.47547277500001,0.10485679543366393,system_entry,B
NA,Corn,mn,4.1814003664375,3.883916584,0.740043598364114,entry,A
NA,Corn,mn,3.300385805,3.883916584,0.4875527140641349,entry,Alley
NA,Corn,mn,3.9266871599375,3.883916584,0.9594999640000166,entry,B
Alley,Corn,mn,3.300385805,3.883916584,0.4875527140641349,system,NA
EWM,Corn,mn,3.404381547875,3.883916584,0.5699545441967544,system,NA
HF,Corn,mn,3.826399833875,3.883916584,0.9532120287688899,system,NA
LF,Corn,mn,4.499345124625,3.883916584,0.6001572729749112,system,NA
RT,Corn,mn,4.486048546375,3.883916584,0.5056760169221415,system,NA
Alley,Corn,mn,3.300385805,3.883916584,0.4875527140641349,system_entry,Alley
EWM,Corn,mn,3.217418821,3.883916584,0.4665654824593812,system_entry,A
EWM,Corn,mn,3.59134427475,3.883916584,0.7545506187800102,system_entry,B
HF,Corn,mn,3.4425863407499997,3.883916584,0.7145810924394927,system_entry,A
HF,Corn,mn,4.210213327,3.883916584,0.7975006947959086,system_entry,B
LF,Corn,mn,5.11039861575,3.883916584,0.48049280134503736,system_entry,A
LF,Corn,mn,3.8882916335,3.883916584,0.9976031461662918,system_entry,B
RT,Corn,mn,4.95519768825,3.883916584,0.37514062698533446,system_entry,A
RT,Corn,mn,4.0168994045,3.883916584,0.8763040195634162,system_entry,B
NA,Corn,organic_matter,3.0834383343125,2.8065185335,0.010894638650051486,entry,A
NA,Corn,organic_matter,3.1164329805,2.8065185335,0.17639605614226406,entry,Alley
NA,Corn,organic_matter,3.2500387541875,2.8065185335,3.636780470963152e-4,entry,B
Alley,Corn,organic_matter,3.1164329805,2.8065185335,0.17639605614226406,system,NA
EWM,Corn,organic_matter,3.0388269011249998,2.8065185335,0.03150620588244474,system,NA
HF,Corn,organic_matter,3.26148675575,2.8065185335,0.0034714801713119346,system,NA
LF,Corn,organic_matter,3.2332273145,2.8065185335,0.029147982632013104,system,NA
RT,Corn,organic_matter,3.133413205625,2.8065185335,0.048132865315168256,system,NA
Alley,Corn,organic_matter,3.1164329805,2.8065185335,0.17639605614226406,system_entry,Alley
EWM,Corn,organic_matter,2.9522783332499998,2.8065185335,0.26455573666767485,system_entry,A
EWM,Corn,organic_matter,3.1253754689999997,2.8065185335,0.05630338579592665,system_entry,B
HF,Corn,organic_matter,3.202391721,2.8065185335,0.0014057320283268006,system_entry,A
HF,Corn,organic_matter,3.3205817905,2.8065185335,0.09984186698821383,system_entry,B
LF,Corn,organic_matter,3.20283531225,2.8065185335,0.26034809843177564,system_entry,A
LF,Corn,organic_matter,3.26361931675,2.8065185335,0.06842539935577323,system_entry,B
RT,Corn,organic_matter,2.9762479707500002,2.8065185335,0.31898512081949515,system_entry,A
RT,Corn,organic_matter,3.2905784405,2.8065185335,0.10774742158709538,system_entry,B
NA,Corn,p,2.48710351075,1.333754911,0.2098313324127138,entry,A
NA,Corn,p,1.52049948175,1.333754911,0.2560401643566495,entry,Alley
NA,Corn,p,3.7374828930000006,1.333754911,0.14257874706564955,entry,B
Alley,Corn,p,1.52049948175,1.333754911,0.2560401643566495,system,NA
EWM,Corn,p,1.656898787375,1.333754911,0.11691686128121681,system,NA
HF,Corn,p,6.83522793525,1.333754911,0.13883565730868563,system,NA
LF,Corn,p,1.578275057375,1.333754911,0.30853232699902056,system,NA
RT,Corn,p,2.3787710275,1.333754911,0.049193390282975105,system,NA
Alley,Corn,p,1.52049948175,1.333754911,0.2560401643566495,system_entry,Alley
EWM,Corn,p,1.3550156315000002,1.333754911,0.8873098059459356,system_entry,A
EWM,Corn,p,1.95878194325,1.333754911,0.03267574802429561,system_entry,B
HF,Corn,p,5.3274455645,1.333754911,0.32215559772667124,system_entry,A
HF,Corn,p,8.343010306,1.333754911,0.33648322915014317,system_entry,B
LF,Corn,p,1.4742447625,1.333754911,0.6670678880638591,system_entry,A
LF,Corn,p,1.68230535225,1.333754911,0.34753694426052745,system_entry,B
RT,Corn,p,1.7917080845000002,1.333754911,0.34638023802026596,system_entry,A
RT,Corn,p,2.9658339705,1.333754911,0.10038196577778098,system_entry,B
NA,Corn,ph,8.197375000000001,8.0915,0.12882207862336514,entry,A
NA,Corn,ph,8.23675,8.0915,0.051571974677375405,entry,Alley
NA,Corn,ph,8.25625,8.0915,0.03208167206680436,entry,B
Alley,Corn,ph,8.23675,8.0915,0.051571974677375405,system,NA
EWM,Corn,ph,8.254625,8.0915,0.04569744022341424,system,NA
HF,Corn,ph,8.183,8.0915,0.2820997470046113,system,NA
LF,Corn,ph,8.206,8.0915,0.1612234583982887,system,NA
RT,Corn,ph,8.263625000000001,8.0915,0.035458513893865555,system,NA
Alley,Corn,ph,8.23675,8.0915,0.051571974677375405,system_entry,Alley
EWM,Corn,ph,8.2185,8.0915,0.24713990504624941,system_entry,A
EWM,Corn,ph,8.29075,8.0915,0.04469539149824596,system_entry,B
HF,Corn,ph,8.1305,8.0915,0.7231055237135668,system_entry,A
HF,Corn,ph,8.2355,8.0915,0.23707533337472536,system_entry,B
LF,Corn,ph,8.1955,8.0915,0.25375841974408914,system_entry,A
LF,Corn,ph,8.2165,8.0915,0.3350075137219288,system_entry,B
RT,Corn,ph,8.245000000000001,8.0915,0.14268569409225815,system_entry,A
RT,Corn,ph,8.282250000000001,8.0915,0.07325179358507415,system_entry,B
NA,Corn,pred_soil_protein,5.328508912,4.7264794525000005,0.05950680229781791,entry,A
NA,Corn,pred_soil_protein,5.0072200865,4.7264794525000005,0.5934057363244742,entry,Alley
NA,Corn,pred_soil_protein,5.5792194841875,4.7264794525000005,0.01381346007488409,entry,B
Alley,Corn,pred_soil_protein,5.0072200865,4.7264794525000005,0.5934057363244742,system,NA
EWM,Corn,pred_soil_protein,5.214007425875,4.7264794525000005,0.08712363787858955,system,NA
HF,Corn,pred_soil_protein,5.849807919375,4.7264794525000005,0.02776292452838684,system,NA
LF,Corn,pred_soil_protein,5.482022590875,4.7264794525000005,0.07498161388549504,system,NA
RT,Corn,pred_soil_protein,5.26961885625,4.7264794525000005,0.13832947211813262,system,NA
Alley,Corn,pred_soil_protein,5.0072200865,4.7264794525000005,0.5934057363244742,system_entry,Alley
EWM,Corn,pred_soil_protein,5.07862624825,4.7264794525000005,0.22391515690731006,system_entry,A
EWM,Corn,pred_soil_protein,5.3493886035,4.7264794525000005,0.05345025973006356,system_entry,B
HF,Corn,pred_soil_protein,5.888031055,4.7264794525000005,0.08913473760656852,system_entry,A
HF,Corn,pred_soil_protein,5.81158478375,4.7264794525000005,0.20982686833413758,system_entry,B
LF,Corn,pred_soil_protein,5.42702478075,4.7264794525000005,0.3030877530884155,system_entry,A
LF,Corn,pred_soil_protein,5.5370204009999995,4.7264794525000005,0.1552098897174315,system_entry,B
RT,Corn,pred_soil_protein,4.920353564,4.7264794525000005,0.5850112124943151,system_entry,A
RT,Corn,pred_soil_protein,5.6188841485,4.7264794525000005,0.1332491284337502,system_entry,B
NA,Corn,pred_water_capacity,0.2111966846875,0.21125773675,0.9717196956064975,entry,A
NA,Corn,pred_water_capacity,0.20334219625,0.21125773675,0.12413813284141377,entry,Alley
NA,Corn,pred_water_capacity,0.21281709168750002,0.21125773675,0.5817160124143399,entry,B
Alley,Corn,pred_water_capacity,0.20334219625,0.21125773675,0.12413813284141377,system,NA
EWM,Corn,pred_water_capacity,0.20999626100000002,0.21125773675,0.6085075141270744,system,NA
HF,Corn,pred_water_capacity,0.21667101225,0.21125773675,0.1877272639806911,system,NA
LF,Corn,pred_water_capacity,0.211224504625,0.21125773675,0.9917412872809038,system,NA
RT,Corn,pred_water_capacity,0.21013577487500001,0.21125773675,0.7376788986757201,system,NA
Alley,Corn,pred_water_capacity,0.20334219625,0.21125773675,0.12413813284141377,system_entry,Alley
EWM,Corn,pred_water_capacity,0.21007291825000002,0.21125773675,0.7050992224301378,system_entry,A
EWM,Corn,pred_water_capacity,0.20991960375000002,0.21125773675,0.7646486817959341,system_entry,B
HF,Corn,pred_water_capacity,0.21441933475,0.21125773675,0.15805311322462126,system_entry,A
HF,Corn,pred_water_capacity,0.21892268975,0.21125773675,0.38456087455783383,system_entry,B
LF,Corn,pred_water_capacity,0.2120141615,0.21125773675,0.8837044283310551,system_entry,A
LF,Corn,pred_water_capacity,0.21043484775000001,0.21125773675,0.8679138326273033,system_entry,B
RT,Corn,pred_water_capacity,0.20828032424999998,0.21125773675,0.41009871145281673,system_entry,A
RT,Corn,pred_water_capacity,0.2119912255,0.21125773675,0.9093785339229519,system_entry,B
NA,Corn,respiration,0.7735246150625,0.4866005375,1.0650115808998767e-5,entry,A
NA,Corn,respiration,0.827079047,0.4866005375,6.409188027798034e-5,entry,Alley
NA,Corn,respiration,0.7260881558125,0.4866005375,5.263447561681416e-5,entry,B
Alley,Corn,respiration,0.827079047,0.4866005375,6.409188027798034e-5,system,NA
EWM,Corn,respiration,0.717664859375,0.4866005375,1.2221937343614213e-4,system,NA
HF,Corn,respiration,0.8125377775,0.4866005375,2.3969260058130803e-4,system,NA
LF,Corn,respiration,0.722098173375,0.4866005375,1.7398367455433525e-4,system,NA
RT,Corn,respiration,0.7469247315,0.4866005375,0.0015815663612510661,system,NA
Alley,Corn,respiration,0.827079047,0.4866005375,6.409188027798034e-5,system_entry,Alley
EWM,Corn,respiration,0.73096480125,0.4866005375,5.469787947191237e-4,system_entry,A
EWM,Corn,respiration,0.7043649175,0.4866005375,0.01832038175486065,system_entry,B
HF,Corn,respiration,0.76820463825,0.4866005375,0.003930472587796524,system_entry,A
HF,Corn,respiration,0.85687091675,0.4866005375,0.025739483555363617,system_entry,B
LF,Corn,respiration,0.7682046385,0.4866005375,0.006003620672109122,system_entry,A
LF,Corn,respiration,0.67599170825,0.4866005375,0.003751709148661954,system_entry,B
RT,Corn,respiration,0.82672438225,0.4866005375,0.0029717149402577027,system_entry,A
RT,Corn,respiration,0.66712508075,0.4866005375,0.11154257382297914,system_entry,B
NA,Corn,s,3.1598621658125,3.22095287925,0.8102531172095403,entry,A
NA,Corn,s,2.9264785077499997,3.22095287925,0.4779307044285098,entry,Alley
NA,Corn,s,2.9932386875625,3.22095287925,0.38759691215246417,entry,B
Alley,Corn,s,2.9264785077499997,3.22095287925,0.4779307044285098,system,NA
EWM,Corn,s,2.741020110625,3.22095287925,0.09537987965193222,system,NA
HF,Corn,s,3.418934483625,3.22095287925,0.5627453754278695,system,NA
LF,Corn,s,3.010740884375,3.22095287925,0.46403449523610885,system,NA
RT,Corn,s,3.135506228125,3.22095287925,0.7702706589760786,system,NA
Alley,Corn,s,2.9264785077499997,3.22095287925,0.4779307044285098,system_entry,Alley
EWM,Corn,s,2.83986500275,3.22095287925,0.3352954735179201,system_entry,A
EWM,Corn,s,2.6421752185,3.22095287925,0.05911815305243397,system_entry,B
HF,Corn,s,3.4835349385,3.22095287925,0.5575569771071718,system_entry,A
HF,Corn,s,3.3543340287500003,3.22095287925,0.7979716282338216,system_entry,B
LF,Corn,s,3.1547169,3.22095287925,0.7747298563129073,system_entry,A
LF,Corn,s,2.86676486875,3.22095287925,0.46151097405209857,system_entry,B
RT,Corn,s,3.161331822,3.22095287925,0.9017536586944043,system_entry,A
RT,Corn,s,3.10968063425,3.22095287925,0.6916831218628604,system_entry,B
NA,Corn,soc,1.893326060375,1.66194572025,0.036002097509086756,entry,A
NA,Corn,soc,1.7960124805,1.66194572025,0.45725427856136575,entry,Alley
NA,Corn,soc,1.97657621075,1.66194572025,0.007584192630168787,entry,B
Alley,Corn,soc,1.7960124805,1.66194572025,0.45725427856136575,system,NA
EWM,Corn,soc,1.8605912176250001,1.66194572025,0.04320622198992283,system,NA
HF,Corn,soc,2.021972174125,1.66194572025,0.02824909715626975,system,NA
LF,Corn,soc,1.956387482375,1.66194572025,0.08764831802565895,system,NA
RT,Corn,soc,1.9008536681250001,1.66194572025,0.09933437717439582,system,NA
Alley,Corn,soc,1.7960124805,1.66194572025,0.45725427856136575,system_entry,Alley
EWM,Corn,soc,1.83512925575,1.66194572025,0.1409210043386785,system_entry,A
EWM,Corn,soc,1.8860531795000002,1.66194572025,0.0701233095423347,system_entry,B
HF,Corn,soc,2.042914165,1.66194572025,0.10283511241752864,system_entry,A
HF,Corn,soc,2.00103018325,1.66194572025,0.20761917258437554,system_entry,B
LF,Corn,soc,1.9290598975,1.66194572025,0.3598600614178427,system_entry,A
LF,Corn,soc,1.98371506725,1.66194572025,0.17207455579607306,system_entry,B
RT,Corn,soc,1.76620092325,1.66194572025,0.44561051651300115,system_entry,A
RT,Corn,soc,2.0355064130000002,1.66194572025,0.15146634896115932,system_entry,B
NA,Corn,soil_texture_clay,19.16921156,18.21472834,0.42792676283522346,entry,A
NA,Corn,soil_texture_clay,20.4118040775,18.21472834,0.111394830785342,entry,Alley
NA,Corn,soil_texture_clay,19.352912375625,18.21472834,0.3604450571258883,entry,B
Alley,Corn,soil_texture_clay,20.4118040775,18.21472834,0.111394830785342,system,NA
EWM,Corn,soil_texture_clay,19.36550373,18.21472834,0.37490254221499003,system,NA
HF,Corn,soil_texture_clay,19.43355142625,18.21472834,0.4201739752002025,system,NA
LF,Corn,soil_texture_clay,18.9959758725,18.21472834,0.5164585895948927,system,NA
RT,Corn,soil_texture_clay,19.2492168425,18.21472834,0.40804235407613787,system,NA
Alley,Corn,soil_texture_clay,20.4118040775,18.21472834,0.111394830785342,system_entry,Alley
EWM,Corn,soil_texture_clay,20.043476895,18.21472834,0.22671843298214112,system_entry,A
EWM,Corn,soil_texture_clay,18.687530565,18.21472834,0.7446350246607109,system_entry,B
HF,Corn,soil_texture_clay,18.316652895,18.21472834,0.9514675833802715,system_entry,A
HF,Corn,soil_texture_clay,20.5504499575,18.21472834,0.27688004290773766,system_entry,B
LF,Corn,soil_texture_clay,19.174276515,18.21472834,0.4917197604382514,system_entry,A
LF,Corn,soil_texture_clay,18.81767523,18.21472834,0.6325885089089027,system_entry,B
RT,Corn,soil_texture_clay,19.142439935,18.21472834,0.4784589239644754,system_entry,A
RT,Corn,soil_texture_clay,19.35599375,18.21472834,0.4535169194330203,system_entry,B
NA,Corn,soil_texture_sand,39.64226153125,43.09080936,0.13984742652862328,entry,A
NA,Corn,soil_texture_sand,39.6940641225,43.09080936,0.1449247265242144,entry,Alley
NA,Corn,soil_texture_sand,38.640782401875,43.09080936,0.07770382762734178,entry,B
Alley,Corn,soil_texture_sand,39.6940641225,43.09080936,0.1449247265242144,system,NA
EWM,Corn,soil_texture_sand,38.99364022875,43.09080936,0.09641049662224266,system,NA
HF,Corn,soil_texture_sand,39.135656925,43.09080936,0.11544620401075119,system,NA
LF,Corn,soil_texture_sand,39.1160705225,43.09080936,0.10358159697894699,system,NA
RT,Corn,soil_texture_sand,39.32072019,43.09080936,0.11539474420014162,system,NA
Alley,Corn,soil_texture_sand,39.6940641225,43.09080936,0.1449247265242144,system_entry,Alley
EWM,Corn,soil_texture_sand,38.757877165000004,43.09080936,0.08589167405101501,system_entry,A
EWM,Corn,soil_texture_sand,39.229403292499995,43.09080936,0.11138489534035138,system_entry,B
HF,Corn,soil_texture_sand,40.6975630225,43.09080936,0.3046700253154636,system_entry,A
HF,Corn,soil_texture_sand,37.5737508275,43.09080936,0.09842462612100195,system_entry,B
LF,Corn,soil_texture_sand,39.175061665,43.09080936,0.15732298570491032,system_entry,A
LF,Corn,soil_texture_sand,39.057079380000005,43.09080936,0.11199198161663074,system_entry,B
RT,Corn,soil_texture_sand,39.938544272499996,43.09080936,0.20215244832917778,system_entry,A
RT,Corn,soil_texture_sand,38.7028961075,43.09080936,0.08094379672521228,system_entry,B
NA,Corn,soil_texture_silt,41.188526909375,38.6944623,0.04999595741385137,entry,A
NA,Corn,soil_texture_silt,39.8941318,38.6944623,0.2879140514507507,entry,Alley
NA,Corn,soil_texture_silt,42.006305223125,38.6944623,0.018900417620486932,entry,B
Alley,Corn,soil_texture_silt,39.8941318,38.6944623,0.2879140514507507,system,NA
EWM,Corn,soil_texture_silt,41.6408560425,38.6944623,0.030828981548212894,system,NA
HF,Corn,soil_texture_silt,41.4307916525,38.6944623,0.04273212810174088,system,NA
LF,Corn,soil_texture_silt,41.887953605,38.6944623,0.02477566667806787,system,NA
RT,Corn,soil_texture_silt,41.430062965,38.6944623,0.0594080362823828,system,NA
Alley,Corn,soil_texture_silt,39.8941318,38.6944623,0.2879140514507507,system_entry,Alley
EWM,Corn,soil_texture_silt,41.19864594,38.6944623,0.05262900965596366,system_entry,A
EWM,Corn,soil_texture_silt,42.083066145000004,38.6944623,0.022695869657766155,system_entry,B
HF,Corn,soil_texture_silt,40.985784089999996,38.6944623,0.15019821190597116,system_entry,A
HF,Corn,soil_texture_silt,41.875799215,38.6944623,0.059632186014050334,system_entry,B
LF,Corn,soil_texture_silt,41.650661819999996,38.6944623,0.106484806690943,system_entry,A
LF,Corn,soil_texture_silt,42.12524539,38.6944623,0.048682246425866514,system_entry,B
RT,Corn,soil_texture_silt,40.9190157875,38.6944623,0.25405460036699457,system_entry,A
RT,Corn,soil_texture_silt,41.9411101425,38.6944623,0.0923504669093582,system_entry,B
NA,Corn,subsurface_hardness,331.5,340.15625,0.21096446358398935,entry,A
NA,Corn,subsurface_hardness,364.375,340.15625,0.005861125882627625,entry,Alley
NA,Corn,subsurface_hardness,341.3671875,340.15625,0.8362661177374358,entry,B
Alley,Corn,subsurface_hardness,364.375,340.15625,0.005861125882627625,system,NA
EWM,Corn,subsurface_hardness,329.84375,340.15625,0.10555539658819652,system,NA
HF,Corn,subsurface_hardness,335.578125,340.15625,0.60320442563363,system,NA
LF,Corn,subsurface_hardness,344.296875,340.15625,0.6666258822138169,system,NA
RT,Corn,subsurface_hardness,336.015625,340.15625,0.7143830286507402,system,NA
Alley,Corn,subsurface_hardness,364.375,340.15625,0.005861125882627625,system_entry,Alley
EWM,Corn,subsurface_hardness,318.4375,340.15625,0.009461895716697288,system_entry,A
EWM,Corn,subsurface_hardness,341.25,340.15625,0.8472205422655525,system_entry,B
HF,Corn,subsurface_hardness,341.15625,340.15625,0.9366777559878845,system_entry,A
HF,Corn,subsurface_hardness,330,340.15625,0.48232665703639604,system_entry,B
LF,Corn,subsurface_hardness,333.4375,340.15625,0.5923283881351591,system_entry,A
LF,Corn,subsurface_hardness,355.15625,340.15625,0.33941523241124577,system_entry,B
RT,Corn,subsurface_hardness,332.96875,340.15625,0.7508560127711251,system_entry,A
RT,Corn,subsurface_hardness,339.0625,340.15625,0.9215189968094396,system_entry,B
NA,Corn,surface_hardness,124.375,163.28125,0.04098400284178442,entry,A
NA,Corn,surface_hardness,258.59375,163.28125,0.0011258175492232744,entry,Alley
NA,Corn,surface_hardness,148.671875,163.28125,0.3503546721856109,entry,B
Alley,Corn,surface_hardness,258.59375,163.28125,0.0011258175492232744,system,NA
EWM,Corn,surface_hardness,132.265625,163.28125,0.08908046210900895,system,NA
HF,Corn,surface_hardness,144.84375,163.28125,0.2580767913266616,system,NA
LF,Corn,surface_hardness,133.671875,163.28125,0.11655115934096434,system,NA
RT,Corn,surface_hardness,135.3125,163.28125,0.15549282384455118,system,NA
Alley,Corn,surface_hardness,258.59375,163.28125,0.0011258175492232744,system_entry,Alley
EWM,Corn,surface_hardness,115.15625,163.28125,0.028841729578644528,system_entry,A
EWM,Corn,surface_hardness,149.375,163.28125,0.4041400950490849,system_entry,B
HF,Corn,surface_hardness,146.40625,163.28125,0.31893558839325814,system_entry,A
HF,Corn,surface_hardness,143.28125,163.28125,0.32358996599146944,system_entry,B
LF,Corn,surface_hardness,123.28125,163.28125,0.0665522137574673,system_entry,A
LF,Corn,surface_hardness,144.0625,163.28125,0.4326835265166423,system_entry,B
RT,Corn,surface_hardness,112.65625,163.28125,0.02918331354110422,system_entry,A
RT,Corn,surface_hardness,157.96875,163.28125,0.8099783705113528,system_entry,B
NA,Corn,total_c,2.239125,1.827,0.0013115052476624786,entry,A
NA,Corn,total_c,2.1182499999999997,1.827,0.09294027441549947,entry,Alley
NA,Corn,total_c,2.3155,1.827,9.363920860635395e-4,entry,B
Alley,Corn,total_c,2.1182499999999997,1.827,0.09294027441549947,system,NA
EWM,Corn,total_c,2.12625,1.827,0.005454914176169918,system,NA
HF,Corn,total_c,2.504625,1.827,0.021299029698886366,system,NA
LF,Corn,total_c,2.19725,1.827,0.017204600287425684,system,NA
RT,Corn,total_c,2.281125,1.827,6.53325027159763e-4,system,NA
Alley,Corn,total_c,2.1182499999999997,1.827,0.09294027441549947,system_entry,Alley
EWM,Corn,total_c,2.10525,1.827,0.02620287218380984,system_entry,A
EWM,Corn,total_c,2.14725,1.827,0.013497369891949988,system_entry,B
HF,Corn,total_c,2.48075,1.827,0.11022260700855999,system_entry,A
HF,Corn,total_c,2.5285,1.827,0.17555560556212843,system_entry,B
LF,Corn,total_c,2.2085,1.827,0.11183221318085065,system_entry,A
LF,Corn,total_c,2.186,1.827,0.13282419228063436,system_entry,B
RT,Corn,total_c,2.162,1.827,0.014842430280078742,system_entry,A
RT,Corn,total_c,2.4002499999999998,1.827,0.002203968186856935,system_entry,B
NA,Corn,total_n,0.18425,0.154,0.0024631942741854354,entry,A
NA,Corn,total_n,0.17425,0.154,0.2567610830926432,entry,Alley
NA,Corn,total_n,0.19125,0.154,0.0010960745374456265,entry,B
Alley,Corn,total_n,0.17425,0.154,0.2567610830926432,system,NA
EWM,Corn,total_n,0.182125,0.154,0.005565745291392416,system,NA
HF,Corn,total_n,0.19525,0.154,0.0065696952735899514,system,NA
LF,Corn,total_n,0.19,0.154,0.036099264245299016,system,NA
RT,Corn,total_n,0.18362499999999998,0.154,0.048696233262973385,system,NA
Alley,Corn,total_n,0.17425,0.154,0.2567610830926432,system_entry,Alley
EWM,Corn,total_n,0.178,0.154,0.07577581592152927,system_entry,A
EWM,Corn,total_n,0.18625,0.154,0.03737011275909091,system_entry,B
HF,Corn,total_n,0.19825,0.154,0.02205772218446478,system_entry,A
HF,Corn,total_n,0.19225,0.154,0.15483780451378304,system_entry,B
LF,Corn,total_n,0.18675,0.154,0.24117815573669463,system_entry,A
LF,Corn,total_n,0.19325,0.154,0.12986086535465333,system_entry,B
RT,Corn,total_n,0.174,0.154,0.18308357456765634,system_entry,A
RT,Corn,total_n,0.19325,0.154,0.1725102392512113,system_entry,B
NA,Corn,zn,0.2481530539375,0.22673092375,0.7088204183221427,entry,A
NA,Corn,zn,0.32523789075,0.22673092375,0.42182062983189833,entry,Alley
NA,Corn,zn,0.3357179211875,0.22673092375,0.27624976489653696,entry,B
Alley,Corn,zn,0.32523789075,0.22673092375,0.42182062983189833,system,NA
EWM,Corn,zn,0.21032099125,0.22673092375,0.7562939376162368,system,NA
HF,Corn,zn,0.482152419,0.22673092375,0.2553621862819813,system,NA
LF,Corn,zn,0.227099985375,0.22673092375,0.9904043346003697,system,NA
RT,Corn,zn,0.24816855462499998,0.22673092375,0.5343247698077289,system,NA
Alley,Corn,zn,0.32523789075,0.22673092375,0.42182062983189833,system_entry,Alley
EWM,Corn,zn,0.143382869,0.22673092375,0.00328300632760244,system_entry,A
EWM,Corn,zn,0.2772591135,0.22673092375,0.6220482248658026,system_entry,B
HF,Corn,zn,0.39684752375,0.22673092375,0.48333797109464055,system_entry,A
HF,Corn,zn,0.56745731425,0.22673092375,0.4408014361459759,system_entry,B
LF,Corn,zn,0.25299912625,0.22673092375,0.6186971868835838,system_entry,A
LF,Corn,zn,0.2012008445,0.22673092375,0.4891140327286902,system_entry,B
RT,Corn,zn,0.19938269675,0.22673092375,0.5557999053112527,system_entry,A
RT,Corn,zn,0.2969544125,0.22673092375,0.15086027570854593,system_entry,B
